"code__c","Date_de_debut__c","Date_de_fin__c","Libelle_long__c","Libelle_technique__c","Name"
"01","2024-03-15T07:18:28.000+0000","2032-06-01T07:18:28.000+0000","Ain","AIN","Ain"
"02","2024-03-15T07:18:28.000+0000","2032-06-01T07:18:28.000+0000","Aisne","AISNE","Aisne"
"03","2024-03-15T07:18:28.000+0000","2032-06-01T07:18:28.000+0000","Allier","ALLIER","Allier"
"04","2024-03-15T07:18:28.000+0000","2032-06-01T07:18:28.000+0000","Alpes-de-Haute-Provence","ALPES DE HAUTE PROVENCE","Alpes-de-Haute-Provence"
"05","2024-03-15T07:18:28.000+0000","2032-06-01T07:18:28.000+0000","Hautes-Alpes","HAUTES ALPES","Hautes-Alpes"
"06","2024-03-15T07:18:28.000+0000","2032-06-01T07:18:28.000+0000","Alpes-Maritimes","ALPES MARITIMES","Alpes-Maritimes"
"07","2024-03-15T07:18:28.000+0000","2032-06-01T07:18:28.000+0000","Ardèche","ARDECHE","Ardèche"
"08","2024-03-15T07:18:28.000+0000","2032-06-01T07:18:28.000+0000","Ardennes","ARDENNES","Ardennes"
"09","2024-03-15T07:18:28.000+0000","2032-06-01T07:18:28.000+0000","Ariège","ARIEGE","Ariège"
"10","2024-03-15T07:18:28.000+0000","2032-06-01T07:18:28.000+0000","Aube","AUBE","Aube"
"11","2024-03-15T07:18:28.000+0000","2032-06-01T07:18:28.000+0000","Aude","AUDE","Aude"
"12","2024-03-15T07:18:28.000+0000","2032-06-01T07:18:28.000+0000","Aveyron","AVEYRON","Aveyron"
"13","2024-03-15T07:18:28.000+0000","2032-06-01T07:18:28.000+0000","Bouches-du-Rhône","BOUCHES DU RHONE","Bouches-du-Rhône"
"14","2024-03-15T07:18:28.000+0000","2032-06-01T07:18:28.000+0000","Calvados","CALVADOS","Calvados"
"15","2024-03-15T07:18:28.000+0000","2032-06-01T07:18:28.000+0000","Cantal","CANTAL","Cantal"
"16","2024-03-15T07:18:28.000+0000","2032-06-01T07:18:28.000+0000","Charente","CHARENTE","Charente"
"17","2024-03-15T07:18:28.000+0000","2032-06-01T07:18:28.000+0000","Charente-Maritime","CHARENTE MARITIME","Charente-Maritime"
"18","2024-03-15T07:18:28.000+0000","2032-06-01T07:18:28.000+0000","Cher","CHER","Cher"
"19","2024-03-15T07:18:28.000+0000","2032-06-01T07:18:28.000+0000","Corrèze","CORREZE","Corrèze"
"21","2024-03-15T07:18:28.000+0000","2032-06-01T07:18:28.000+0000","Côte-d'Or","COTE D OR","Côte-d'Or"
"22","2024-03-15T07:18:28.000+0000","2032-06-01T07:18:28.000+0000","Côtes-d'Armor","COTES D ARMOR","Côtes-d'Armor"
"23","2024-03-15T07:18:28.000+0000","2032-06-01T07:18:28.000+0000","Creuse","CREUSE","Creuse"
"24","2024-03-15T07:18:28.000+0000","2032-06-01T07:18:28.000+0000","Dordogne","DORDOGNE","Dordogne"
"25","2024-03-15T07:18:28.000+0000","2032-06-01T07:18:28.000+0000","Doubs","DOUBS","Doubs"
"26","2024-03-15T07:18:28.000+0000","2032-06-01T07:18:28.000+0000","Drôme","DROME","Drôme"
"27","2024-03-15T07:18:28.000+0000","2032-06-01T07:18:28.000+0000","Eure","EURE","Eure"
"28","2024-03-15T07:18:28.000+0000","2032-06-01T07:18:28.000+0000","Eure-et-Loir","EURE ET LOIR","Eure-et-Loir"
"29","2024-03-15T07:18:28.000+0000","2032-06-01T07:18:28.000+0000","Finistère","FINISTERE","Finistère"
"2A","2024-03-15T07:18:28.000+0000","2032-06-01T07:18:28.000+0000","Corse-du-Sud","CORSE DU SUD","Corse-du-Sud"
"2B","2024-03-15T07:18:28.000+0000","2032-06-01T07:18:28.000+0000","Haute-Corse","HAUTE CORSE","Haute-Corse"
"30","2024-03-15T07:18:28.000+0000","2032-06-01T07:18:28.000+0000","Gard","GARD","Gard"
"31","2024-03-15T07:18:28.000+0000","2032-06-01T07:18:28.000+0000","Haute-Garonne","HAUTE GARONNE","Haute-Garonne"
"32","2024-03-15T07:18:28.000+0000","2032-06-01T07:18:28.000+0000","Gers","GERS","Gers"
"33","2024-03-15T07:18:28.000+0000","2032-06-01T07:18:28.000+0000","Gironde","GIRONDE","Gironde"
"34","2024-03-15T07:18:28.000+0000","2032-06-01T07:18:28.000+0000","Hérault","HERAULT","Hérault"
"35","2024-03-15T07:18:28.000+0000","2032-06-01T07:18:28.000+0000","Ille-et-Vilaine","ILLE ET VILAINE","Ille-et-Vilaine"
"36","2024-03-15T07:18:28.000+0000","2032-06-01T07:18:28.000+0000","Indre","INDRE","Indre"
"37","2024-03-15T07:18:28.000+0000","2032-06-01T07:18:28.000+0000","Indre-et-Loire","INDRE ET LOIRE","Indre-et-Loire"
"38","2024-03-15T07:18:28.000+0000","2032-06-01T07:18:28.000+0000","Isère","ISERE","Isère"
"39","2024-03-15T07:18:28.000+0000","2032-06-01T07:18:28.000+0000","Jura","JURA","Jura"
"40","2024-03-15T07:18:28.000+0000","2032-06-01T07:18:28.000+0000","Landes","LANDES","Landes"
"41","2024-03-15T07:18:28.000+0000","2032-06-01T07:18:28.000+0000","Loir-et-Cher","LOIR ET CHER","Loir-et-Cher"
"42","2024-03-15T07:18:28.000+0000","2032-06-01T07:18:28.000+0000","Loire","LOIRE","Loire"
"43","2024-03-15T07:18:28.000+0000","2032-06-01T07:18:28.000+0000","Haute-Loire","HAUTE LOIRE","Haute-Loire"
"44","2024-03-15T07:18:28.000+0000","2032-06-01T07:18:28.000+0000","Loire-Atlantique","LOIRE ATLANTIQUE","Loire-Atlantique"
"45","2024-03-15T07:18:28.000+0000","2032-06-01T07:18:28.000+0000","Loiret","LOIRET","Loiret"
"46","2024-03-15T07:18:28.000+0000","2032-06-01T07:18:28.000+0000","Lot","LOT","Lot"
"47","2024-03-15T07:18:28.000+0000","2032-06-01T07:18:28.000+0000","Lot-et-Garonne","LOT ET GARONNE","Lot-et-Garonne"
"48","2024-03-15T07:18:28.000+0000","2032-06-01T07:18:28.000+0000","Lozère","LOZERE","Lozère"
"49","2024-03-15T07:18:28.000+0000","2032-06-01T07:18:28.000+0000","Maine-et-Loire","MAINE ET LOIRE","Maine-et-Loire"
"50","2024-03-15T07:18:28.000+0000","2032-06-01T07:18:28.000+0000","Manche","MANCHE","Manche"
"51","2024-03-15T07:18:28.000+0000","2032-06-01T07:18:28.000+0000","Marne","MARNE","Marne"
"52","2024-03-15T07:18:28.000+0000","2032-06-01T07:18:28.000+0000","Haute-Marne","HAUTE MARNE","Haute-Marne"
"53","2024-03-15T07:18:28.000+0000","2032-06-01T07:18:28.000+0000","Mayenne","MAYENNE","Mayenne"
"54","2024-03-15T07:18:28.000+0000","2032-06-01T07:18:28.000+0000","Meurthe-et-Moselle","MEURTHE ET MOSELLE","Meurthe-et-Moselle"
"55","2024-03-15T07:18:28.000+0000","2032-06-01T07:18:28.000+0000","Meuse","MEUSE","Meuse"
"56","2024-03-15T07:18:28.000+0000","2032-06-01T07:18:28.000+0000","Morbihan","MORBIHAN","Morbihan"
"57","2024-03-15T07:18:28.000+0000","2032-06-01T07:18:28.000+0000","Moselle","MOSELLE","Moselle"
"58","2024-03-15T07:18:28.000+0000","2032-06-01T07:18:28.000+0000","Nièvre","NIEVRE","Nièvre"
"59","2024-03-15T07:18:28.000+0000","2032-06-01T07:18:28.000+0000","Nord","NORD","Nord"
"60","2024-03-15T07:18:28.000+0000","2032-06-01T07:18:28.000+0000","Oise","OISE","Oise"
"61","2024-03-15T07:18:28.000+0000","2032-06-01T07:18:28.000+0000","Orne","ORNE","Orne"
"62","2024-03-15T07:18:28.000+0000","2032-06-01T07:18:28.000+0000","Pas-de-Calais","PAS DE CALAIS","Pas-de-Calais"
"63","2024-03-15T07:18:28.000+0000","2032-06-01T07:18:28.000+0000","Puy-de-Dôme","PUY DE DOME","Puy-de-Dôme"
"64","2024-03-15T07:18:28.000+0000","2032-06-01T07:18:28.000+0000","Pyrénées-Atlantiques","PYRENEES ATLANTIQUES","Pyrénées-Atlantiques"
"65","2024-03-15T07:18:28.000+0000","2032-06-01T07:18:28.000+0000","Hautes-Pyrénées","HAUTES PYRENEES","Hautes-Pyrénées"
"66","2024-03-15T07:18:28.000+0000","2032-06-01T07:18:28.000+0000","Pyrénées-Orientales","PYRENEES ORIENTALES","Pyrénées-Orientales"
"67","2024-03-15T07:18:28.000+0000","2032-06-01T07:18:28.000+0000","Bas-Rhin","BAS RHIN","Bas-Rhin"
"68","2024-03-15T07:18:28.000+0000","2032-06-01T07:18:28.000+0000","Haut-Rhin","HAUT RHIN","Haut-Rhin"
"69","2024-03-15T07:18:28.000+0000","2032-06-01T07:18:28.000+0000","Rhône","RHONE","Rhône"
"70","2024-03-15T07:18:28.000+0000","2032-06-01T07:18:28.000+0000","Haute-Saône","HAUTE SAONE","Haute-Saône"
"71","2024-03-15T07:18:28.000+0000","2032-06-01T07:18:28.000+0000","Saône-et-Loire","SAONE ET LOIRE","Saône-et-Loire"
"72","2024-03-15T07:18:28.000+0000","2032-06-01T07:18:28.000+0000","Sarthe","SARTHE","Sarthe"
"73","2024-03-15T07:18:28.000+0000","2032-06-01T07:18:28.000+0000","Savoie","SAVOIE","Savoie"
"74","2024-03-15T07:18:28.000+0000","2032-06-01T07:18:28.000+0000","Haute-Savoie","HAUTE SAVOIE","Haute-Savoie"
"75","2024-03-15T07:18:28.000+0000","2032-06-01T07:18:28.000+0000","Paris","PARIS","Paris"
"76","2024-03-15T07:18:28.000+0000","2032-06-01T07:18:28.000+0000","Seine-Maritime","SEINE MARITIME","Seine-Maritime"
"77","2024-03-15T07:18:28.000+0000","2032-06-01T07:18:28.000+0000","Seine-et-Marne","SEINE ET MARNE","Seine-et-Marne"
"78","2024-03-15T07:18:28.000+0000","2032-06-01T07:18:28.000+0000","Yvelines","YVELINES","Yvelines"
"79","2024-03-15T07:18:28.000+0000","2032-06-01T07:18:28.000+0000","Deux-Sèvres","DEUX SEVRES","Deux-Sèvres"
"80","2024-03-15T07:18:28.000+0000","2032-06-01T07:18:28.000+0000","Somme","SOMME","Somme"
"81","2024-03-15T07:18:28.000+0000","2032-06-01T07:18:28.000+0000","Tarn","TARN","Tarn"
"82","2024-03-15T07:18:28.000+0000","2032-06-01T07:18:28.000+0000","Tarn-et-Garonne","TARN ET GARONNE","Tarn-et-Garonne"
"83","2024-03-15T07:18:28.000+0000","2032-06-01T07:18:28.000+0000","Var","VAR","Var"
"84","2024-03-15T07:18:28.000+0000","2032-06-01T07:18:28.000+0000","Vaucluse","VAUCLUSE","Vaucluse"
"85","2024-03-15T07:18:28.000+0000","2032-06-01T07:18:28.000+0000","Vendée","VENDEE","Vendée"
"86","2024-03-15T07:18:28.000+0000","2032-06-01T07:18:28.000+0000","Vienne","VIENNE","Vienne"
"87","2024-03-15T07:18:28.000+0000","2032-06-01T07:18:28.000+0000","Haute-Vienne","HAUTE VIENNE","Haute-Vienne"
"88","2024-03-15T07:18:28.000+0000","2032-06-01T07:18:28.000+0000","Vosges","VOSGES","Vosges"
"89","2024-03-15T07:18:28.000+0000","2032-06-01T07:18:28.000+0000","Yonne","YONNE","Yonne"
"90","2024-03-15T07:18:28.000+0000","2032-06-01T07:18:28.000+0000","Territoire de Belfort","TERRITOIRE DE BELFORT","Territoire de Belfort"
"91","2024-03-15T07:18:28.000+0000","2032-06-01T07:18:28.000+0000","Essonne","ESSONNE","Essonne"
"92","2024-03-15T07:18:28.000+0000","2032-06-01T07:18:28.000+0000","Hauts-de-Seine","HAUTS DE SEINE","Hauts-de-Seine"
"93","2024-03-15T07:18:28.000+0000","2032-06-01T07:18:28.000+0000","Seine-Saint-Denis","SEINE SAINT DENIS","Seine-Saint-Denis"
"94","2024-03-15T07:18:28.000+0000","2032-06-01T07:18:28.000+0000","Val-de-Marne","VAL DE MARNE","Val-de-Marne"
"95","2024-03-15T07:18:28.000+0000","2032-06-01T07:18:28.000+0000","Val-d'Oise","VAL D OISE","Val-d'Oise"
"971","2024-03-15T07:18:28.000+0000","2032-06-01T07:18:28.000+0000","Guadeloupe","GUADELOUPE","Guadeloupe"
"972","2024-03-15T07:18:28.000+0000","2032-06-01T07:18:28.000+0000","Martinique","MARTINIQUE","Martinique"
"973","2024-03-15T07:18:28.000+0000","2032-06-01T07:18:28.000+0000","Guyane","GUYANE","Guyane"
"974","2024-03-15T07:18:28.000+0000","2032-06-01T07:18:28.000+0000","La Réunion","LA REUNION","La Réunion"
"976","2024-03-15T07:18:28.000+0000","2032-06-01T07:18:28.000+0000","Mayotte","MAYOTTE","Mayotte"