"Name","lib_long__c","lib_technique__c","code__c","debut__c","fin__c"
"identité","Documents d'identité","identite","1","2022-03-01T11:06:47.000+0000","3999-12-31T00:00:00.000+0000"
"scolarité","Documents liés à la scolarité","scolarite","7","2022-03-01T11:06:47.000+0000","3999-12-31T00:00:00.000+0000"
"dépôt","Documents à déposer","depot","8","2022-03-01T11:06:47.000+0000","3999-12-31T00:00:00.000+0000"
"renseignements militaires","Documents de renseignements militaires","rensMili","4","2022-03-01T11:06:47.000+0000","3999-12-31T00:00:00.000+0000"
"autorisation parentale","Documents d'autorisation parentale","autorparen","2","2022-03-01T11:06:47.000+0000","3999-12-31T00:00:00.000+0000"
"dérogation âge","Documents de dérogation d'âge","derogAge","3","2022-03-01T11:06:47.000+0000","3999-12-31T00:00:00.000+0000"
"carrière militaire","Documents de carrière militaire","carMili","5","2022-03-01T11:06:47.000+0000","3999-12-31T00:00:00.000+0000"
"adresse","Documents d'identité","adresse","6","2022-03-01T11:06:47.000+0000","3999-12-31T00:00:00.000+0000"
"aptitude médicale","Documents d'aptitude médicale","aptitude","9","2022-03-01T11:06:47.000+0000","3999-12-31T00:00:00.000+0000"
"lieu","Documents liés au lieu","lieu","10","2022-03-01T11:06:47.000+0000","3999-12-31T00:00:00.000+0000"
"session","Documents liés au session","session","11","2022-03-01T11:06:47.000+0000","3999-12-31T00:00:00.000+0000"
"récupération","Documents à récupérer","recuperation","12","2022-03-01T11:06:47.000+0000","3999-12-31T00:00:00.000+0000"
"résultat","Documents liés aux résultats","resultat","13","2022-03-01T11:06:47.000+0000","3999-12-31T00:00:00.000+0000"